Address,Value
0x0100,0x0000AA00
0x0101,0x0000AA01
0x0102,0x0000AA02
0x0103,0x0000AA03
0x0104,0x0000AA04
0x0105,0x00000000
0x0106,0x00000000
0x0107,0x00000000
0x0108,0x00000000
0x0109,0x00000000
0x010A,0x00000000
0x010B,0x00000000
0x010C,0x00000000
0x010D,0x00000000
0x010E,0x00000000
0x010F,0x00000000
0x0110,0x00000000
0x0111,0x00000000
0x0112,0x00000000
0x0113,0x00000000
0x0114,0x00000000
0x0115,0x00000000
0x0116,0x00000000
0x0117,0x00000000
0x0118,0x00000000
0x0119,0x00000000
0x011A,0x00000000
0x011B,0x00000000
0x011C,0x00000000
0x011D,0x00000000
0x011E,0x00000000
0x011F,0x00000000
0x0120,0x00000000
0x0121,0x00000000
0x0122,0x00000000
0x0123,0x00000000
0x0124,0x00000000
0x0125,0x00000000
0x0126,0x00000000
0x0127,0x00000000
0x0128,0x00000000
0x0129,0x00000000
0x012A,0x00000000
0x012B,0x00000000
0x012C,0x00000000
0x012D,0x00000000
0x012E,0x00000000
0x012F,0x00000000
0x0130,0x00000000
0x0131,0x00000000
0x0132,0x00000000
0x0133,0x00000000
0x0134,0x00000000
0x0135,0x00000000
0x0136,0x00000000
0x0137,0x00000000
0x0138,0x00000000
0x0139,0x00000000
0x013A,0x00000000
0x013B,0x00000000
0x013C,0x00000000
0x013D,0x00000000
0x013E,0x00000000
0x013F,0x00000000
0x0140,0x00000000
0x0141,0x00000000
0x0142,0x00000000
0x0143,0x00000000
0x0144,0x00000000
0x0145,0x00000000
0x0146,0x00000000
0x0147,0x00000000
0x0148,0x00000000
0x0149,0x00000000
0x014A,0x00000000
0x014B,0x00000000
0x014C,0x00000000
0x014D,0x00000000
0x014E,0x00000000
0x014F,0x00000000
0x0150,0x00000000
0x0151,0x00000000
0x0152,0x00000000
0x0153,0x00000000
0x0154,0x00000000
0x0155,0x00000000
0x0156,0x00000000
0x0157,0x00000000
0x0158,0x00000000
0x0159,0x00000000
0x015A,0x00000000
0x015B,0x00000000
0x015C,0x00000000
0x015D,0x00000000
0x015E,0x00000000
0x015F,0x00000000
0x0160,0x00000000
0x0161,0x00000000
0x0162,0x00000000
0x0163,0x00000000
0x0164,0x00000000
0x0165,0x00000000
0x0166,0x00000000
0x0167,0x00000000
0x0168,0x00000000
0x0169,0x00000000
0x016A,0x00000000
0x016B,0x00000000
0x016C,0x00000000
0x016D,0x00000000
0x016E,0x00000000
0x016F,0x00000000
0x0170,0x00000000
0x0171,0x00000000
0x0172,0x00000000
0x0173,0x00000000
0x0174,0x00000000
0x0175,0x00000000
0x0176,0x00000000
0x0177,0x00000000
0x0178,0x00000000
0x0179,0x00000000
0x017A,0x00000000
0x017B,0x00000000
0x017C,0x00000000
0x017D,0x00000000
0x017E,0x00000000
0x017F,0x00000000
0x0180,0x00000000
0x0181,0x00000000
0x0182,0x00000000
0x0183,0x00000000
0x0184,0x00000000
0x0185,0x00000000
0x0186,0x00000000
0x0187,0x00000000
0x0188,0x00000000
0x0189,0x00000000
0x018A,0x00000000
0x018B,0x00000000
0x018C,0x00000000
0x018D,0x00000000
0x018E,0x00000000
0x018F,0x00000000
0x0190,0x00000000
0x0191,0x00000000
0x0192,0x00000000
0x0193,0x00000000
0x0194,0x00000000
0x0195,0x00000000
0x0196,0x00000000
0x0197,0x00000000
0x0198,0x00000000
0x0199,0x00000000
0x019A,0x00000000
0x019B,0x00000000
0x019C,0x00000000
0x019D,0x00000000
0x019E,0x00000000
0x019F,0x00000000
0x01A0,0x00000000
0x01A1,0x00000000
0x01A2,0x00000000
0x01A3,0x00000000
0x01A4,0x00000000
0x01A5,0x00000000
0x01A6,0x00000000
0x01A7,0x00000000
0x01A8,0x00000000
0x01A9,0x00000000
0x01AA,0x00000000
0x01AB,0x00000000
0x01AC,0x00000000
0x01AD,0x00000000
0x01AE,0x00000000
0x01AF,0x00000000
0x01B0,0x00000000
0x01B1,0x00000000
0x01B2,0x00000000
0x01B3,0x00000000
0x01B4,0x00000000
0x01B5,0x00000000
0x01B6,0x00000000
0x01B7,0x00000000
0x01B8,0x00000000
0x01B9,0x00000000
0x01BA,0x00000000
0x01BB,0x00000000
0x01BC,0x00000000
0x01BD,0x00000000
0x01BE,0x00000000
0x01BF,0x00000000
0x01C0,0x00000000
0x01C1,0x00000000
0x01C2,0x00000000
0x01C3,0x00000000
0x01C4,0x00000000
0x01C5,0x00000000
0x01C6,0x00000000
0x01C7,0x00000000
0x01C8,0x00000000
0x01C9,0x00000000
0x01CA,0x00000000
0x01CB,0x00000000
0x01CC,0x00000000
0x01CD,0x00000000
0x01CE,0x00000000
0x01CF,0x00000000
0x01D0,0x00000000
0x01D1,0x00000000
0x01D2,0x00000000
0x01D3,0x00000000
0x01D4,0x00000000
0x01D5,0x00000000
0x01D6,0x00000000
0x01D7,0x00000000
0x01D8,0x00000000
0x01D9,0x00000000
0x01DA,0x00000000
0x01DB,0x00000000
0x01DC,0x00000000
0x01DD,0x00000000
0x01DE,0x00000000
0x01DF,0x00000000
0x01E0,0x00000000
0x01E1,0x00000000
0x01E2,0x00000000
0x01E3,0x00000000
0x01E4,0x00000000
0x01E5,0x00000000
0x01E6,0x00000000
0x01E7,0x00000000
0x01E8,0x00000000
0x01E9,0x00000000
0x01EA,0x00000000
0x01EB,0x00000000
0x01EC,0x00000000
0x01ED,0x00000000
0x01EE,0x00000000
0x01EF,0x00000000
0x01F0,0x00000000
0x01F1,0x00000000
0x01F2,0x00000000
0x01F3,0x00000000
0x01F4,0x00000000
0x01F5,0x00000000
0x01F6,0x00000000
0x01F7,0x00000000
0x01F8,0x00000000
0x01F9,0x00000000
0x01FA,0x00000000
0x01FB,0x00000000
0x01FC,0x00000000
0x01FD,0x00000000
0x01FE,0x00000000
0x01FF,0x00000000
0x0200,0x00000000
0x0201,0x00000000
0x0202,0x00000000
0x0203,0x00000000
0x0204,0x00000000
0x0205,0x00000000
0x0206,0x00000000
0x0207,0x00000000
0x0208,0x00000000
0x0209,0x00000000
0x020A,0x00000000
0x020B,0x00000000
0x020C,0x00000000
0x020D,0x00000000
0x020E,0x00000000
0x020F,0x00000000
0x0210,0x00000000
0x0211,0x00000000
0x0212,0x00000000
0x0213,0x00000000
0x0214,0x00000000
0x0215,0x00000000
